Grapheme	IPA	SCA	FREQUENCY	EXAMPLES
^	NULL		6171	ɟʝ.o;u.ə;m.o;ʔ.a.n.a;a.k.u
$	NULL		6171	ɟʝ.o;u.ə;m.o;ʔ.a.n.a;a.k.u
.	NULL		18866	ɟʝ.o;u.ə;m.o;ʔ.a.n.a;ʔ.a.n.a
!	ǃ	!	16	!.o.b.e;!.a.ŋ;!.i;!.ã.ĩ;!.a.ɾ.i
|	ǀ	!	1	|.o.a
ǀ	ǀ	!	14	ǀ.o.a;ǀ.w.e.e;ǀ.n.ĩ;ǀ.ĩ.ĩ.n.a;ǀ.ã.t.i.m.a
ǁ	ǁ	!	10	ǁ.ĩ.ĩ;ǁ.a.u;ǁ.a.n;ǁ.o.a;ǁ.w.a
ǂ	ǂ	!	4	ǂ.o.w.e.ɾ.u;ǂ.a.e;ǂ.a.e;ǂ.u.i
‖	ǁ	!	2	‖.a.ŋ̩;‖.oˀ.l.i
‼	ǃǃ	!	4	‼.u.‼.u;‼.u.‼.u;‼.h.ã;‼.ũ
!ʔ	ǃʔ	!	3	!ʔ.u;!ʔ.a;!ʔ.a.e
!ʰ	ǃʰ	!	1	!ʰ.u
!ʼ	ǃ’	!	4	!ʼ.u.pʰ.a;!ʼ.a.a.k.a;!ʼ.i.ʔ.e;!ʼ.a.w.e
!χ	ǃχ	!	1	!χ.o.e
ǀʔ	ǀʔ	!	2	ǀʔ.e.e;h.ĩ.ǀʔ.ã
ǀʼ	ǀ’	!	7	ǀʼ.i.n.a;m.a.ǀʼ.a;ǀʼ.a.ǀʼ.ã;ǀʼ.a.ǀʼ.ã;ǀʼ.i.n.a
ǀχ	ǀχ	!	1	ǀχ.a.ɾ.i
ǁʰ	ǁʰ	!	1	ǁʰ.a.t.a
ǁʼ	ǁ’	!	1	ǁʼ.ĩ
ǁˀ	ǁˀ	!	1	ǁˀ.õ.ã
ǂʰ	ǂʰ	!	1	ǂʰ.e.ŋ
ǂχ	ǂχ	!	2	ǂχ.o.o;ǂχ.o.n
ɡ!	gǃ	!	4	ɡ!.a.ʔ.a;ɡ!.o.l.o;ɡ!.oˤ.a;ɡ!.a.e
ɡ|	gǀ	!	3	ɡ|.a.ʔ.a;ɡ|.u;ɡ|.e
ɡǁ	gǁ	!	1	ɡǁ.o.h.a
ɡ‖	gǁ	!	3	ɡ‖.a;ɡ‖.a;ɡ‖.u
‖x	ǁx	!	1	‖x.o.e
‖ʔ	ǁˀ	!	1	‖ʔ.ŋ̩
‖ʰ	ǁʰ	!	1	‖ʰ.a.e
!xˀ	ǃxˀ	!	1	!xˀ.u.i
|ʔʰ	ǀˀʰ/ǀʰ	!	1	|ʔʰ.u.i
ɡ!x	gǃx	!	1	ɡ!x.o.a
‖xˀ	ǁxˀ	!	1	‖xˀ.a.o
‖ʔʰ	ǁʰˀ	!	1	‖ʔʰ.o.ã
‼ʔʰ	ǃǃʰˀ	!	1	‼ʔʰ.a.u
ɡ‖xˀ	ɡ‖xˀ/gǁˀ	!	1	ɡ‖xˀ.a
̃ĩ	̃ĩ	?	0	
a	a	A	3441	ʔ.a.n.a;ʔ.a.n.a;a.k.u;w.a.t.a.s.i;w.a.t.a.s.i
ã	ã	A	132	ɡ.e.ʔ.ã;kʲ.ã.ã;kʲ.ã.ã;ʃ.ã.x.ɨ;kʰ.ãˀ.kʰ.ã
ă	ă	A	11	ɗ.ă.ŋ;m.ă.w;m.ă.t;n.ă.ŋ;z.ă.j
ɑ	ɑ	A	119	n.ɑ.mb.ɑ;n.ɑ.mb.ɑ;e.mb.ɑ;mb.ɑ.ɑ;mb.ɑ.ɑ
ae	ae	A	1	k.ae
ai	ai	A	4	ɴq.ai;ʐ.ai;h.ai;mpˡ.ai
ao	ao	A	3	m.ao;ɲ.ao;n̥.ao
aˀ	aˀ	A	4	kʰ.aˀ.tʲ;aˀ;w.aˀ.kʲ;w.aˀ.tsʰ.u
aː	aː	A	190	tʃ.aː.n;u.n.i.j.aː.l.u.k;d.i.ɾ.aː.ʕ;k.aː.n;t.aː.mb.a
aˤ	aˤ	A	1	m.aˤ
a̰	a̰	A	48	w.a̰;ɬ.k.a̰.k.a̰;ɬ.k.a̰.k.a̰;a̰.ʔ.w.ḛ;s.ḛ̃.e.b.a̰
ãˀ	ãˀ	A	2	kʰ.ãˀ.kʰ.ã;kʲ.ãˀ.h.ĩ
ãː	ãː	A	3	ɬ.eː.tʃʰ.ãː.ʔ.i;tʼ.ãː.ʔ;kʼ.ãː.ɬ
ã̰	ã̰	A	2	ã̰;k.ã̰
ɑo	ɑo	A	2	k.ɑo;n.ɑo
ɑː	ɑː	A	12	s.ɑː.j.oː.l;ɑː.t.i.m.i;t.ɔ.qː.u.s.ɑː.q;n.u.t.ɑː.q;ʃ.ɑː.l
a̰ː	a̰ː	A	8	q.a̰ː.ɬ.u.a̰ː.t;q.a̰ː.ɬ.u.a̰ː.t;t.ṵ.w.a̰ː.n;ɬ.m.a̰ː.n;s.q.a̰ː.q.n.a̰
f	f	B	106	f.ë.j;f.i;t.r.u.f.k.e.n;f.u.l.ə.ŋ.ɡ.i;s.u.m.o.f
v	v	B	74	tʃʼ.i.a.n.tʃʼ.v.e.l.a;j.ə.r.x.u.v.ə;m.kʼ.l.a.v;pʰ.r.i.n.v.e.l;ʃ.a.v
ɸ	ɸ	B	16	s.a.ɸ.e;ɸ.a.r.i;t.a.ɸ.o.x;ɸ.ĩ.sʲ;m.o.o.ɸ
β	β	B	17	i.β.o;β.i.tsʲ.a.k.w.e;β.a.k.ɯ;p.a.β.i.k.i;β.ɯ.r.o
fʷ	fʷ	B	8	w.e.fʷ;ʔ.a.fʷ.e.n.tʃ.e;a.t.u.fʷ.e.j;l.a.fʷ.e.ts.i;j.a.fʷ.i.t
fˀ	fˀ	B	4	fˀ.i.tsˀ.ə;m.a.fˀ.ə;fˀ.i;ʔ.ə.fˀ
fː	fː	B	1	n.i.k.ɔ.fː.a
ɸʲ	ɸʲ	B	1	j.e.ɸʲ
c	c	C	12	c.y.l̴;c.e.m.i.c;c.e.m.i.c;c.œ.p.e.c;c.œ.p.e.c
ɟ	ɟ	C	19	h.ɔ.n.ɟ.ɔ;n.ɔ.ɟ;ɟ.œ.y.s;ɟ.ɛ.r.ɛ.k;ɟ.œ.z
dz	dz	C	13	dz.o;dz.v.a.l;dz.a.ɣ.l;b.dz.ə.ʑ.j.ə.j;b.a.dz.ə
dʑ	dʑ	C	10	dʑ.a;dʑ.e;dʑ.ʌ.dʑ;dʑ.ʌ.dʑ;dʑ.o.h
ts	ts	C	154	ʔ.ɨ.ts;m.i.ts;h.a.h.ts.u.k;i.ʔ.ts.o.t.ɨ.x;ts.a.o
tɕ	tɕ	C	18	tɕ.ɔ;tɕ.i.m;tɕ.ɔ;tɕ.ɯ.ŋ;l.tɕ.i
ɖʐ	ɖʐ	C	11	ɖʐ.u.i.;u.ɖʐ.ə.n;a.ɖʐ.i.ɡ.ə;ɖʐ.a.n.ʈʂ.u.x.ɔ.n;ɖʐ.i.r.a.m.i.n
ɟʝ	ɟʝ	C	2	ɟʝ.o;a.ɟʝ.e.ɾ
ʈʂ	ʈʂ	C	21	ʈʂ.e.n;ʈʂ.ë.w.ɜ;k.ɘ.ʈʂ.ɜ.l;ʈʂ.u.ŋ;ʈʂ.e
tsʔ	tsˀ	C	2	t.o.tsʔ.a.q;h.i.tsʔ.e
tsʰ	tsʰ	C	12	tsʰ.i.s.kʰʷ.a;tsʰ.a.ŋ;k.a.n.e.tsʰ.i;k.u.tsʰ.ɨ.kʷ.a;ɨ.w.e.tsʰ.e
tsˀ	tsˀ	C	5	χʷ.m.pˀ.ə.tsˀ.ə.dʒ;fˀ.i.tsˀ.ə;tsˀ.e;tsˀ.ə;tsˀ.i.kˀʷ
ts̥	ts̥	C	2	b.e.l.ts̥;a.r.a.u.l.ts̥.a
ts̺	ts̺	C	2	a.u.ts̺;i.ɾ.e.n.ts̺.i
ts̻	ts̻	C	4	ɡ.a.ts̻;e.n.ts̻.u.n;o.r.ts̻;a.ts̻.o
tɕʰ	tɕʰ	C	3	tɕʰ.i;tɕʰ.y;tɕʰ.i
ʈʂʰ	ʈʂʰ	C	7	ʈʂʰ.ou;ʈʂʰ.a.ŋ;ʈʂʰ.a;ʈʂʰ.u.i;ʈʂʰ.uɑ
ð	ð	D	20	n.iː.ð.a;k.iː.ð.a;w.iː.ð.a;iː.ð.i.k;p.i.ð.iː.s.iː.s
θ	θ	D	11	b.ɾ.a.θ.o;θ.e.n.i.θ.a;θ.e.n.i.θ.a;θ.u.n.o;p.e.θ
V	V/ə	E	5	d.V.ɕ.a.r.a.ɡ.i.n;ʃ.V.l;ɡ.V;d.V.ɡ.u.r.ɡ.u.n;d.V.j.a.l
e	e	E	991	b.e.n;ʃ.e;m.e;n.e;a.j.e.m
æ	æ	E	6	ʔ.j.æ.;t.h.æ.n.i;l.æ.n.kʼ.u;p.æ.tʼ.i;ʔ.b.æ.tʼ.i
ë	ë	E	25	ɪ.ɲ.tʃ.ë;ë.j.m.ɪ;f.ë.j;p.ɘ.ɲ.ë.ɲ;ʈʂ.ë.w.ɜ
ɐ	ɐ	E	4	ʃ.ɐ;x.ɐ;t.ɐ.d.ɲ;f.ɐ.ɾ
ɘ	ɘ	E	37	k.i.ɘ.n;f.ɘ.tʃ.ɜ;ɘ.ɲ.ɘ.m;ɘ.ɲ.ɘ.m;m.ʊ.k.ɘ.r
ə	ə	E	330	u.ə;s.ə;w.u.n.ə;tʰ.ə;w.ə
ɛ	ɛ	E	104	t.ɛ;ɖ.ɛ.w.ɛ.k.e;ɖ.ɛ.w.ɛ.k.e;ɛ.n;h.ɛ.ʔ
ɜ	ɜ	E	58	k.ö.ʎ.ɜ.ʎ.ɜ;k.ö.ʎ.ɜ.ʎ.ɜ;l.ɪ.p.ɜ.n;t.a.l.ɜ.q;f.ɘ.tʃ.ɜ
ɤ	ɤ	E	4	t.ɾ.ɤ;ɤ;m.ɤ.j;z.ɤ.j
ʌ	ʌ	E	35	n.ʌ;p.j.ʌ;dʑ.ʌ.dʑ;w.a.qʼ.ʌ.tʃ;m.ʌ.l
ḛ	ḛ	E	4	a̰.ʔ.w.ḛ;b.ḛ.e;j.ḛ.b.e.d.o;p.ḛ.a.t.ɨ
ẽ	ẽ	E	27	a.k.e.k.ẽ;ẽ.ŋ.k.a.r.r.a;x.e.ʔ.ẽ.mb.ɨ;m.e.n.d.ẽ;d.r.ũ.l.ẽ
eu	eu	E	6	t.eu;t.eu;t.eu;nt.eu;t.eu
eˀ	eˀ	E	2	m.eˀ.kʲ;l.eˀ.tsʲ
eː	eː	E	61	n.eː.n.u;eː.n;ɑ.ʃ.k.a.n.eː.l.i;k.o.b.eː;ɬ.eː.ʃ.tʃʼ.i.h
ɐ̃	ɐ̃	E	15	ɐ̃;p.ɐ̃.n.ĩ;p.i.ɾ.ɐ̃;ŋ.ɐ̃.ɲ;t.ɐ̃.m.ɛ̃
əː	əː	E	4	uː.s.əː.ʔ.i;d.əː.s;u.lʲ.əː;ə.nʲ.əː
ə̃	ə̃	E	1	i.ə̃
ɛː	ɛː	E	5	kʰ.ɛː.n;s.ɛː.n;k.ɛː;d.ɛː.ŋ;b.ɛː.k
ɛ̃	ɛ̃	E	18	m.b.ɾ.ɛ̃.j;k.ɾ.ɛ̃;n.ĩ.ŋ.ɡ.ɾ.ɛ̃.ŋ;k.a.d.n.ɛ̃;p.ɛ̃.n
ɜː	ɜː	E	2	m.ɜː.ʁ.ɑ.q;s.ɜː.q.ɔ.q
ɤ̆	ɤ̆	E	7	tɕ.ɤ̆.n;z.ɤ̆.n;z.ɤ̆.j;ɗ.ɤ̆.t;z.ɤ̆.w
ḛː	ḛː	E	1	ts.ḛː.q
ḛ̃	ḛ̃	E	4	s.ḛ̃.e.b.a̰;w.ḛ̃.ʔ.ḛ̃;w.ḛ̃.ʔ.ḛ̃;j.ḛ̃.e
ẽˀ	ẽˀ	E	1	w.ẽ.s.ẽˀ.h
x	x	G	320	x.i;x.ɨ.a;x.a.n.ɨ̃;t.x.ɨ.ʔ;x.u.m.a
ɣ	ɣ	G	26	q.a.ts.i.ɣ.a.k;ɣ.i.t;a.m.aː.m.a.ɣ.a.q;dz.a.ɣ.l;aː.l.i.s.a.ɣ.ɑ.q
χ	χ	G	26	ɢ.a.s.χ.a;ɢ.o.s.i.χ.o.n;tʃ.a.l.a.χ;s.a.χ.a.l.;a.s.i.n.o.χ
xʲ	xʲ	G	2	tʃ.œː.xʲ;s.ɛ.lʲ.xʲ
χʷ	χʷ	G	2	χʷ.m.pˀ.ə.tsˀ.ə.dʒ;p.ʃ.a.χʷ.ə
h	h	H	441	ŋ.o.h.i;h.a.p.u;i.h.i;n.i.h.i;h.u.w.w.a
ħ	ħ	H	22	qʷ.p.ɕ.ħ.ə;ħ.ə;t.ħ.ə.kˀʷ.m.ə;l.a.ħ.m.a;ɕ.ħ.ə.ts
ʔ	ʔ	H	375	ʔ.a.n.a;ʔ.ɨ.ts;tʃ.a.m.a.ʔ;t.x.ɨ.ʔ;a.n.o.ʔ
ʕ	ʕ	H	13	d.i.ɾ.aː.ʕ;ʕ.a.dˤ.m;ʕ.a.j.j.i.l ;ʕ.eː.n;b.i.ʕ.eː.d
ʡ	ʡ	H	3	t.i.ʡ.iː.l;ɾ.a.ʡ.a.b.a;ʡ.l
hʲ	hʲ	H	5	hʲ.uʔ.h;w.e.hʲ;hʲ.ũ.k.w.e.t;hʲ.uˀ.h;w.e.hʲ.a
ʔʲ	ʔʲ	H	1	ʔʲ.a.χ
ʔʷ	ʔʷ	H	8	ʔʷ.i.j.i.s;ʔʷ.a.h.a.t;t.o.ʔʷ.u.l.e.j;l.a.ʔʷ.e.t;ʔʷ.u
i	i	I	1992	w.a.t.a.s.i;i.n;n.i;t.i;ŋ.o.h.i
ĩ	ĩ	I	86	ǁ.ĩ.ĩ;ǁ.ĩ.ĩ;a.m.ã.ĩ;n.ĩ.ŋ.e;p.ɐ̃.n.ĩ
ɨ	ɨ	I	374	ʔ.ɨ.ts;x.ɨ.a;u.u.r.ɨ;n.ɨ.b.a;j.ɨ̰.ɨ
ɪ	ɪ	I	34	ɪ.ɲ.tʃ.ë;ë.j.m.ɪ;l.ɪ.p.ɜ.n;f.ʊ.ʐ.ɪ;w.ɪ.ɲ.ɔ
ɯ	ɯ	I	79	ɯ.a;k.a.ɾ.ɯ.n.dʒ.a;ɯ.d.e;m.ɯ;l.ɯ.ŋ
ḭ	ḭ	I	30	w.ḭ.ʃ;ŋ.u.tʃ.ḭ.ʔ.a;ts.ḭ.ts.a̰.q.a;q.a̰.ɬ.n.ḭ;d.ḭ.ʔ.a
iə	iə	I	2	ŋ.iə.n;ɓ.iə.t
iˀ	iˀ	I	3	dʲ.iˀ.tʰ;n.tsʲ.iˀ.k;k.iˀ.tʰ
iː	iː	I	123	b.iː;n.iː.ð.a;tʃʰ.iː;k.iː.ð.a;w.iː.ð.a
i̥	i̥	I	1	a.t.t.i̥.ʃ
ĩː	ĩː	I	11	ʃ.ĩː.ɬ;tʃ.ĩː.h;tʰ.ĩː.ɬ;ʃ.ĩː.h;ɣ.ĩː.ɬ
ɨː	ɨː	I	5	k.ɨː;h.ɨː.h.ɨ;n.ɨː.j.i;a.j.ɨː.x.a;ʋ.ɨː.d.o
ɨ̃	ɨ̃	I	21	x.a.n.ɨ̃;x.a.m.ɨ̃;p.o.n.ɨ̃;n.a.ʔ.ɨ̃.p.a;b.i.d.i.k.ɨ̃.h.ɨ
ɨ̥	ɨ̥	I	5	t.ʃ.ɨ̥.t.t.i;p.u.n.s.ɨ̥;t.ʃ.ɨ̥;k.ɨ̥;k.ɨ̥.s.u
ɨ̰	ɨ̰	I	9	j.ɨ̰.ɨ;b.ɨ̰.ɨ;ã.p.ɨ̰.ʔ.ɨ;d.ɨ̰.p.o;d.ɨ̰.k.o
ɯə	ɯə	I	6	s.ɯə.ŋ;l.ɯə;m.ɯə;k.ɯə.j;l.ɯə.j
ɯ̃	ɯ̃	I	2	n.ɯ̃.k.ɯ;β.ɯ̃.õ
ḭː	ḭː	I	4	s.k.ḭː.t.ḭ;ts.ḭː.s.n.ḭ;l.iː.ts.ḭː;s.ḭː.m.a̰.q.a̰ː.t
ḭ̃	ḭ̃	I	3	t.ḭ̃.a;s.ḭ̃.d.i;ḭ̃.y.a
j	j	J	504	t.o.j;n.a.j.a;t.a.j.a;j.a.ŋ;a.j.e.m
ɥ	ɥ	J	2	ɥ.i.ʃ.t.ĩ;h.i.ɥ.i
ɰ	ɰ	J	6	t.u.ɰ.u.ɨ;i.ɰ.ɯ;o.ɰ.a.p.ɨ;x.a.ɰ.u.ɨ.n.o;ɰ.ɯ.s.t.i.o.r.a
ɰʷ	ɰʷ	J	6	k.u.s.u.ɰʷ.e;ɰʷ.ɨ.ɾ.a;dʲ.a.ɰʷ.a;t.o.ɰʷ.e;a.ŋɡ.e.t.e.ɰʷ.a
Q	Q/q	K	1	s.i.Q.p.o
k	k	K	1305	a.k.u;k.o;k.a;k.o.w.e;k.ɑo
q	q	K	148	ɲ.u.q.a;q.a.m;q.a.ɡ.e.s.a.q;q.a.ɡ.e.s.a.q;t.a.l.ɜ.q
ɡ	g	K	275	n.u.ɡ.a;w.u.n.ɡ.a;ɡ.e.ʔ.ã;o.ɾ.m.i.ɡ.a;ɡ.e.m.i
ɢ	ɢ	K	22	ɢ.a.l.a;ɢ.a.s.χ.a;ɢ.o.s.i.χ.o.n;ɢ.o.r.o;l.o.t.a.ɢ.a.ɲ.i
kp	kp	K	1	a.kp.a
kx	kx	K	2	kx.o.o;kx.a.u
kʔ	kʔ	K	2	t.o.kʔ.a.χ;l.a.kʔ.e
kʰ	kʰ	K	58	kʰ.a.w;kʰ.ãˀ.kʰ.ã;kʰ.ãˀ.kʰ.ã;kʰ.ɛː.n;x.a.kʰ.i
kʲ	kʲ	K	5	kʲ.ã.ã;m.eˀ.kʲ;tʲ.h.i.kʲ;w.aˀ.kʲ;kʲ.ãˀ.h.ĩ
kʷ	kʷ	K	30	t.kʷ.e;k.o.p.a.ɽ.a.kʷ.a;kʷ.i.n.i;i.ts.u.kʷ.a;k.u.tsʰ.ɨ.kʷ.a
kʼ	kʼ	K	49	s.i.kʼ.i.m.i.r.a;kʼ.i.s.i.m.i.r.a;m.kʼ.l.a.v;kʼ.a;kʼ.a.ʎ.kʼ.u
qʰ	qʰ	K	5	qʰ..i.ʎ.a;qʰ.u.l.u;l.a.qʰ.i;n.a.qʰ.a;tʃʰ.i.qʰ.a
qʷ	qʷ	K	4	qʷ.a.l.ə.b.z.w;qʷ.p.ɕ.ħ.ə;qʷ.ə.p.s;qʷ
qʼ	qʼ	K	17	qʼ.a.b;qʼ.e.q;qʼ.u.r;w.a.qʼ.ʌ.tʃ;qʼ.a.qʼ
qː	qː	K	3	t.ɔ.qː.u.s.ɑː.q;s.i.j.ɔ.qː.a.t;t.ɔ.qː.ɔ
ɡb	gb	K	4	a.ɡb.a;ɡb.ɔ;ɡb.a;ɡb.o.r.o
ɡʷ	gʷ	K	3	ɮ.ə.ɡʷ.a.ʑ.ə;ɕˀ.i.ɡʷ.ɮ;b.z.ə.ɡʷ
ɡ‼	gǃǃ	K	3	ɡ‼.a.ʔ.ŋ̩;ɡ‼.a.h.a;ɡ‼.a
kxˀ	kxˀ	K	2	kxˀ.a;kxˀ.a
kʰʷ	kʷʰ	K	2	e.kʰʷ.a;tsʰ.i.s.kʰʷ.a
kʷʰ	kʷʰ	K	2	kʷʰ.i.r.i.p.e.t.a;kʷʰ.e.ts.a.p.e
kˀʷ	kʷˀ	K	5	t.ħ.ə.kˀʷ.m.ə;tsˀ.i.kˀʷ;q.ə.kˀʷ.ə;kˀʷ;ʁ.ə.p.ɕ.kˀʷ
ɡ‼ʰ	gǃǃʰ	K	2	ɡ‼ʰ.o.e;ɡ‼ʰ.a.b.a
l	l	L	583	ŋ.a.j.u.l.u;e.l;l.ə;p.a.l.u.ɽ.u;n.a.m.l
ɬ	ɬ	L	66	ˀn.ɬ.a.m;ɬ.a.m;t.o.s.ə.t.a.ɬ.i;ɬ.k.a̰.k.a̰;ɬ.eː.ʃ.tʃʼ.i.h
ɭ	ɭ	L	29	p.u.ɭ.k.a;t̻.u.ɭ.p.u;m.i.l.k.a.ɭ.i;ɭ.a.ɭ.ə.ɽ;ɭ.a.ɭ.ə.ɽ
ɮ	ɮ	L	7	ɮ.i;ɮ.i;ɮ.ə.ɡʷ.a.ʑ.ə;ɮ.ə;p.ɮ.i.ʑ
ʎ	ʎ	L	38	k.ö.ʎ.ɜ.ʎ.ɜ;k.ö.ʎ.ɜ.ʎ.ɜ;qʰ..i.ʎ.a;kʼ.a.ʎ.kʼ.u;m.ö.ʎ.f.ɘ.n
lʲ	lʲ	L	2	u.lʲ.əː;s.ɛ.lʲ.xʲ
l̥	l̥	L	1	l̥.ua
l̴	ɬ	L	8	k.o.l̴;c.y.l̴;b.a.l̴.ɯ.k;j.ɯ.l̴.d.ɯ.z;k.a.l̴.ɯ.n
l̻	l̻	L	3	p.a.l̻.a;m.u.l̻.a;p.a.l̻.a
ɬː	ɬː	L	10	i.ɬː.i.t;i.ɬː.u;s.ɔ.ɬː.a.k;a.ɬː.u.n.aː.s.ɑ.q;u.ɬː.ɔ.ʁ.i.j.ɑ.q
ʔl	ˀl	L	1	h.a.ʔl.o
m	m	M	979	m.o;m.e;m.ʉ̃;m.a;ˀn.ɬ.a.m
mb	mb	M	21	n.ɑ.mb.ɑ;e.mb.ɑ;mb.ɑ.ɑ;t.aː.mb.a;mb.a.w.u
mp	mp	M	1	mp.e
mː	mː	M	2	ts.i.mː.i.j.a.q;q.i.mː.ɜ.q
m̩	m̩	M	8	tʃˀ.a.m̩;ʃ.a.m̩;n!.oˤ.m̩;n!.m̩;m̩
mpˡ	mpˡ	M	2	mpˡ.o.ŋ;mpˡ.ai
n	n	N	1260	ʔ.a.n.a;n.eː.n.u;n.eː.n.u;b.e.n;tʃʰ.a.n
ŋ	ŋ	N	217	ŋ.o.h.i;j.a.ŋ;u.w.a.ŋ.a;ŋ.a.j.u.l.u;ŋ.o.n.a
ɲ	ɲ	N	97	ɲ.u.q.a;ɪ.ɲ.tʃ.ë;i.d.ɲ;ɲ.ə.n;ɲ.o
ɳ	ɳ	N	4	m.i.ɳ.a;t̻.a.ɳ.a;k.a.ɳ.k.u;p.u.ɳ.u
!n	ŋǃ	N	1	!n.ĩ.ĩ
n!	ŋǃ	N	5	n!.u.u;n!.a.o;n!.ŋ̩;n!.oˤ.m̩;n!.m̩
nd	nd	N	19	ɑ.nd.ɑ.k.e;ɽ.o.nd.ɑ.t.i;k.e.nd.ɑ;nd.uʰ;ɑ.nd.ɑ
nt	nt	N	5	nt.e;nt.eu;nt.ou;nt.ou;nt.o.ŋ
n|	ŋǀ	N	3	n|.e.ʔ.e;n|.o;n|.ŋ̩.ʔ.ŋ̩
nʲ	nʲ	N	2	nʲ.u.sʲ.a;ə.nʲ.əː
nʼ	n’	N	1	nʼ.ã.ũ.r.a
nː	nː	N	6	s.u.ŋ.ɑ.nː.i.p;q.ɜ.nː.ɜ.tː.o.q;m.a.nː.i.k;i.nː.ɜ.q;u.nː.u.w.a.q
n̥	n̥	N	9	s.i.w.a.n̥.a.s;k.ə.n̥.a.k.e;n̥.a;l.a.n̥.e.s;h.u.n̥.a.t
n̩	n̩	N	1	n̩.l.a
n̻	n̻	N	9	n̻.u.n.t.u;m.i.l.p.i.n̻;n̻.a.l.p.i;n̻.a.ŋ.a.t̻.a;p.i.t̻.a.n̻.i
n‖	ŋǁ	N	2	n‖.a.i;n‖.ŋ̩
n‼	ŋǃǃ	N	2	n‼.oˤ.l.u;n‼.oˤ
ŋ!	ŋǃ	N	5	ŋ!.u.u;ŋ!.ã.ã;ŋ!.o.m.a;ŋ!.a.u;ŋ!.a.o
ŋǀ	ŋǀ	N	1	ŋǀ.u.u
ŋǁ	ŋǁ	N	2	ŋǁ.ã.ã;ŋǁ.ã.ũ
ŋǂ	ŋǂ	N	3	ŋǂ.u.u;ŋǂ.a.a;ŋǂ.a.u
ŋɡ	ŋg	N	33	k.i.ŋɡ.i;mb.u.t.ŋɡ.u.l;ɲ.ə.ŋɡ.i;ŋɡ.ə.l.ə;ŋɡ.ə.k
ŋː	ŋː	N	4	n.i.ŋː.u.s.ɔː.q;ŋː.i.l.ɑ.q;a.l.a.ŋː.ɔ.q;i.m.i.ŋː.ɜ.ʁ
ŋ̩	ŋ̍	N	14	n!.ŋ̩;ʃ.ŋ̩;ɡ‼.a.ʔ.ŋ̩;dʒˀ.ŋ̩;‖.a.ŋ̩
ǀn	ŋǀ	N	4	ǀn.a.tʰ.i;ǀn.o.w.ã;ǀn.u.pʰ.a;ǀn.i.i.r.a
ǁn	ŋǁ	N	1	ǁn.o
ǂn	ŋǂ	N	3	ǂn.a.ŋ.kʼ.o;ǂn.u.m;ǂn.a.tsʼ
ɲ̥	ɲ̊	N	1	ɲ̥.a.ŋ
ɴq	ɴq	N	2	ɴq.ai;ɴq.a.ŋ
ˀn	ˀn	N	1	ˀn.ɬ.a.m
n!ʰ	ŋǃʰ	N	1	n!ʰ.o
ndz	ndz	N	3	ts.i.ndz;ndz.i.ts;m.e.ndz
ndʒ	ndʒ	N	4	m.i.ndʒ.u;ŋɡ.w.a.r.aː.ndʒ.ə.n;ndʒ.ə.l.i.p;ɑ.ndʒ
ndʲ	ndʲ	N	4	a.ndʲ;i.ndʲ;w.e.ndʲ;t.u.ndʲ
ŋɡʷ	ŋgʷ	N	2	a.k.ã.ɾ.a.ŋɡʷ.e;a.p.ɨ.ŋɡʷ.a
ɲtɕ	ɲtɕ	N	1	ɲtɕ.ou
ɳʈʂ	ɳʈʂ	N	6	ɳʈʂ.ou;ɳʈʂ.e;ɳʈʂ.e;ɳʈʂ.u;ɳʈʂ.e
ʔn‼	ˀŋ!!/ŋǃǃ	N	1	ʔn‼.e.h.i
ŋ̊!ʰ	ŋǃ̥ʰ	N	1	ŋ̊!ʰ.u.u
ŋ̊!ˀ	ŋǃ̥ˀ	N	2	ŋ̊!ˀ.u.w.u;ŋ̊!ˀ.a.o
ŋ̊ǀˀ	ŋǀ̥ˀ	N	7	ŋ̊ǀˀ.a.o;ŋ̊ǀˀ.a.e;ŋ̊ǀˀ.ũ.ũ;ŋ̊ǀˀ.o.n;ŋ̊ǀˀ.a.s.a
ŋ̊ǁʰ	ŋǁ̥ʰ	N	1	ŋ̊ǁʰ.o.m
ŋ̊ǁˀ	ŋǁ̥ˀ	N	2	ŋ̊ǁˀ.ã.ã;ŋ̊ǁˀ.a.ɾ.i
ŋ̊ǂˀ	ŋǂ̥ˀ	N	5	ŋ̊ǂˀ.o.o;ŋ̊ǂˀ.a.ɾ.e;ŋ̊ǂˀ.ũ.ũ;ŋ̊ǂˀ.a.n;ŋ̊ǂˀ.o.a
ɳʈʂʰ	ɳʈʂʰ	N	1	ɳʈʂʰ.a.ŋ
ɒ	ɒ	O	2	u.ɡ.w.ɒ;h.ɒ
b	b	P	399	b.e.n;b.iː;n.ɨ.b.a;b.i;b.ʉ
p	p	P	637	p.i.a;h.a.p.u;p.a.j;x.u.p.a;p.i
ɓ	ɓ	P	3	ɓ.ɔ.ŋ;ɓ.iə.t;ɓ.uə.k
bʰ	bʰ	P	5	bʰ.e.d.a;bʰ.i.a;bʰ.a.rʼ.ã;bʰ.a.a.k.k.a.r.a;bʰ.a.a.i
pʔ	pʔ	P	1	t.o.pʔ.u.ɬ.a.q
pʰ	pʰ	P	43	pʰ.a.l;u.tʃ.pʰ.a;pʰ.e.t;!ʼ.u.pʰ.a;pʰ.r.i.n.v.e.l
pʲ	pʲ	P	1	i.pʲ
pʼ	pʼ	P	7	pʼ.i.s.q.u;l.a.pʼ.a;pʼ.i.r.i;u.pʼ.e;pʼ.a.tʼ.a.r
pˀ	pˀ	P	1	χʷ.m.pˀ.ə.tsˀ.ə.dʒ
pː	pː	P	2	u.pː.a.t;i.pː.a.sː.ɑ.q
pˡ	pˡ	P	1	pˡ.ou
r	r	R	503	u.u.r.ɨ;r.o;a.m.ɨ.r.ɨ;a.r;a.r.e.ʔ
ɺ	ɺ	R	19	p.a.ɺ.i.ʔ.i;x.a.ʔ.j.u.m.u.ɺ.e.r.ɨ;a.ʔ.w.a.ɺ.a;a.ɺ.u.ʔ.u;a.n.ɨ.ɺ.i.a
ɽ	ɽ	R	54	p.a.l.u.ɽ.u;ɑ.ɽ.u.m.ɑ.ɽ.i;ɑ.ɽ.u.m.ɑ.ɽ.i;b.uː.ɽ.i.d.a;ɡ.ə.ɡ.ə.ɽ
ɾ	ɾ	R	229	a.ɾ.e.k;o.ɾ.m.i.ɡ.a;k.a.ɾ.ɯ.n.dʒ.a;ǂ.o.w.e.ɾ.u;d.u.ɾ.u
ʁ	ʁ	R	10	b.ʁ.ə;m.ɜː.ʁ.ɑ.q;t.a.ʁ.a.ts.u.t;u.ɬː.ɔ.ʁ.i.j.ɑ.q;u.j.ɑ.ʁ.a.k
rʲ	rʲ	R	1	p.ɛ.rʲ
rʼ	r’	R	6	b.ɨ.b.ɨ.rʼ.ɨ;tʃ.i.rʼ.ã.m.b.o.r.o;t.rʼ.ɨ̃;bʰ.a.rʼ.ã;e.r.a.d.r.ɨ.b.ɨ.rʼ.ɨ
ɹ̩	ɹ̩	R	7	ə.ɹ̩;ə.ɹ̩;ʂ.ɹ̩;ʂ.ɹ̩;ʈʂʰ.ɹ̩
ʁʷ	ʁʷ	R	9	w.ə.n.d.ə.ʁʷ;t.ħ.ə.m.ɕˀ.i.ʁʷ;ʃ.i.ʁʷ;ʔʷ.ʁʷ.ə;v.a.ʁʷ.ə
s	s	S	615	w.a.t.a.s.i;s.ə;s.e.n;s;s.i
z	z	S	61	z.u.r.ɡ;qʷ.a.l.ə.b.z.w;ɟ.œ.z;u.z.a.k;t.yː.z
ɕ	ɕ	S	22	ɕ.a.k;ɕ.i.e;qʷ.p.ɕ.ħ.ə;ɕ.u.a;ɕ.ħ.ə.ts
ʂ	ʂ	S	48	ʂ.ə.m.u.t;i.ʂ.a;tʃ.ɯ.ʂ.ɯ;ʂ.a.o;ʂ.u.ʂ.u
ʃ	ʃ	S	194	ʃ.e;ʃ.i;ʃ.e.n;w.ḭ.ʃ;tʃ.i.ʃ.n.o.ʔ
ʐ	ʐ	S	27	f.ʊ.ʐ.ɪ;b.a.ʐ.a.ts.u.i;f.ö.ʐ.ö;ʐ.u;a.v.i.ʐ.i
ʑ	ʑ	S	11	j.a.ʑ.ə;ʒ.i.ʑ.ə;b.dz.ə.ʑ.j.ə.j;b.ʑ.ə;ɮ.ə.ɡʷ.a.ʑ.ə
ʒ	ʒ	S	21	m.a.ʒ.e;k.w.i.ʒ.a;ʒ.i.ʑ.ə;ʒ.ə.n.ə.ŋ;ʒ.i.ʔ
sʰ	sʰ	S	8	sʰ.e;sʰ.a.l;sʰ.e;sʰ.o.ɡ.ɨ.m;m.a.sʰ.i
sʲ	sʲ	S	6	ɸ.ĩ.sʲ;sʲ.a.mb;ĩ.i.sʲ;p.sʲ.ũ;nʲ.u.sʲ.a
sː	sː	S	5	n.a.sː.uː.s.ɑ.q;i.sː.u.s.ɔː.q;a.sː.ɑ.tː.ɔ;i.p.i.sː.a;i.pː.a.sː.ɑ.q
sˤ	sˤ	S	1	sˤ.u.ɣ.a.j.j.a.ɾ
s̥	s̥	S	5	s̥.u;s̥.i.n.a.u.r.i;b.i.s̥.k.a.r;e.s̥.u.r;s̥.a.k.u.r
s̺	s̺	S	7	s̺.a.m.i.n;s̺.u;a.s̺.t.u.n;s̺.u.d.u.r;k.o.s̺.k.o.r
s̻	s̻	S	18	l.u.s̻.e;s̻.o.r.i;i.s̻.e.n;s̻.i.l.b.o.r;e.s̻
ɕˀ	ɕˀ	S	6	t.ħ.ə.m.ɕˀ.i.ʁʷ;ɕˀ.ə;ɕˀ.i.ɡʷ.ɮ;ɕˀ;ɕˀ
d	d	T	380	d.a;i.d.ɲ;ɡ.u.l.u.d.u;k.a.a.b.u.d.ɨ.dʼ.ɨ;d.u.ɾ.u
t	t	T	1009	w.a.t.a.s.i;t.o.j;t.a.j.a;t.i;t.a
ɖ	ɖ	T	13	ɖ.ɛ.w.ɛ.k.e;ɡ.ə.ɖ.e;ə.n.ɖ.o.ɡ;ɡ.u.ɖ.ɖ.u;ɡ.u.ɖ.ɖ.u
ɗ	ɗ	T	12	ɗ.ă.ŋ;ɗ.ɛ.n;ɗ.e.m;ɗ.ɔ;ɗ.ɤ̆.t
ʈ	ʈ	T	18	ʈ.i.ŋ.a.n;dz.u.ʈ.ʈ.u;dz.u.ʈ.ʈ.u;ɡ.a.ʈ.ʈ.i;ɡ.a.ʈ.ʈ.i
dʒ	dʒ	T	35	i.dʒ.i;k.a.ɾ.ɯ.n.dʒ.a;χʷ.m.pˀ.ə.tsˀ.ə.dʒ;dʒ.a.n.dʒ.a;dʒ.a.n.dʒ.a
dʰ	dʰ	T	6	dʰ.e;dʰ.o.o.i;i.pʰ.i.dʰ.a.i;k.i.dʰ.a;b.a.i.dʰ.o
dʲ	dʲ	T	15	dʲ.ɨ.ʋ.a;dʲ.iˀ.tʰ;dʲ.a.ɰʷ.a;dʲ.e.x.a.p.ɨ;dʲ.kʰ.a.s
dʼ	d’	T	1	k.a.a.b.u.d.ɨ.dʼ.ɨ
dˤ	dˤ	T	7	dˤ.a.h.ɾ;ʕ.a.dˤ.m;b.eː.dˤ;dˤ.i.l.l;a.ɾ.dˤ
tl	tɬ	T	1	tl.a.n.a
tɬ	tɬ	T	20	tɬ.o;tɬ.e;tɬ.e;tɬ.i;tɬ.a
tʃ	tʃ	T	238	ɪ.ɲ.tʃ.ë;tʃ.i;tʃ.a.m.a.ʔ;tʃ.i.ʃ.n.o.ʔ;tʃ.iː.m.a
tʔ	tʔ	T	5	tʔ.a.t.e;tʔ.i.s.a.n;tʔ.e.n;t.o.tʔ.o.χ;tʔ.i.s.tʃ.e.j
tʰ	tʰ	T	68	tʰ.ə;tʰ.u ;tʰ.a;tʰ.a.w;tʰ.i.w.i
tʲ	tʲ	T	4	tʲ.h.i.kʲ;kʰ.aˀ.tʲ;ʃ.uː.tʲ.u;tʲ.iː
tʼ	tʼ	T	24	ts.a.tʼ.j.o;tʼ.ãː.ʔ;s.a.j.tʼ.u;tʼ.i.l;tʼ.o
tː	tː	T	2	q.ɜ.nː.ɜ.tː.o.q;a.sː.ɑ.tː.ɔ
tˤ	tˤ	T	6	tˤ.eː.ɾ;tˤ.a.w.iː.l;m.a.tˤ.a.ɾ;ʕ.eː.tˤ;x.b.tˤ
t̻	t̻	T	28	t̻.a.ɳ.a;t̻.u.ɭ.p.u;k.a.t̻.a;m.u.t̻.i;t̻.a.ɭ.p.a
dtʰ	dtʰ	T	1	dtʰ.a.l.i
dʒˀ	dʒˀ	T	2	dʒˀ.ŋ̩;dʒˀ.ŋ̩
tlʼ	tɬʼ	T	3	tlʼ.ũ.ũ;tlʼ.w.e.e;tlʼ.w.ã.ã
tsʲ	tsʲ	T	11	β.i.tsʲ.a.k.w.e;k.h.ũ.tsʲ;p.e.tsʲ.u;n.tsʲ.iˀ.k;tsʲ.i.tsʲ
tsʼ	tsʼ	T	30	tsʼ.i.n.tsʼ.ɨ;tsʼ.i.n.tsʼ.ɨ;m.tsʼ.a.r.e;tsʼ.i.n;tsʼ.i.ʔ
tsː	tsː	T	1	q.u.tsː.ɔ.q
ts’	tsʼ	T	1	ts’.ĩː.ɬ
tɬʰ	tɬʰ	T	1	tɬʰ.ĩ.ɬ
tɬʼ	tɬʼ	T	4	tɬʼ.i.s;tɬʼ.eː.ʔ;tɬʼ.oː.ɬ;tɬʼ.oː.ɬ
tʃʔ	tʃʔ/tʃˀ	T	5	ɬ.e.tʃʔ.e;tʃʔ.u.t.e.ʔ;ɬ.e.tʃʔ.e;t.o.tʃʔ.e;t.a.tʃʔ.u.p.w.a.j
tʃʰ	tʃʰ	T	20	tʃʰ.a.n;tʃʰ.iː;pʰ.u.tʃʰ.a;ʔ.a.ɬ.tʃʰ.i.n.i;ɬ.eː.tʃʰ.ãː.ʔ.i
tʃʼ	tʃʼ	T	16	tʃʼ.i.a.n.tʃʼ.v.e.l.a;tʃʼ.i.a.n.tʃʼ.v.e.l.a;ɬ.eː.ʃ.tʃʼ.i.h;x.a.tʃʼ.a;x.a.m.a.tʃʼ.i
tʃˀ	tʃˀ	T	7	tʃˀ.a.m̩;tʃˀ.i.ħ;tʃˀ.i;tʃˀ.a.p.s.ə;tʃˀ.e.m.a
tʰʼ	t’ʰ	T	1	tʰʼ.ã.ã
tʃxˀ	tʃxˀ/tʃˀ	T	1	tʃxˀ.a.ŋ
o	o	U	1105	ɟʝ.o;m.o;t.o.j;k.o;ŋ.o.h.i
õ	õ	U	27	ǁˀ.õ.ã;ŋ.o.b.r.i.õ;k.õ.ʔ;tʃ.õ.ʔ.n.i;h.a.k.õ
ö	ö	U	19	k.ö.ʎ.ɜ.ʎ.ɜ;m.ö.ʎ.f.ɘ.n;f.ö.ʐ.ö;f.ö.ʐ.ö;m.ö.j.ö
ø	ø	U	9	k.ø.l.d.ø.k;k.ø.l.d.ø.k;ø.r.ɛ.ɡ;v.ø.r.ø.ʃ;v.ø.r.ø.ʃ
œ	œ	U	8	ɟ.œ.y.s;c.œ.p.e.c;ɟ.œ.z;ɟ.œ.b.e.c;c.œ.k
ɔ	ɔ	U	163	n.ɔ;h.ɔ.n.ɟ.ɔ;h.ɔ.n.ɟ.ɔ;k.ɔ.r;j.e.m.e.h.k.ɔ.n
ou	ou	U	13	ɳʈʂ.ou;ʈʂʰ.ou;pˡ.ou;h.ou.tɕ.ou;h.ou.tɕ.ou
oˀ	oˀ	U	1	‖.oˀ.l.i
oː	oː	U	38	oː.k.i;t.oː.t.oː;t.oː.t.oː;m.oː.m;t.oː.h.t.oː.s.i.m
oˤ	oˤ	U	4	n‼.oˤ.l.u;ɡ!.oˤ.a;n!.oˤ.m̩;n‼.oˤ
o̰	o̰	U	5	o̰.b.e;o̰.b.e;o̰.b.a;ŋ.o̰;o̰.o
õ̰	õ̰	U	2	õ̰.a;s.õ̰.a
øː	øː	U	4	øː;ɛ.ʃ.øː;b.øː.r;k.øː
œː	œː	U	2	n.ɔ.x.œː;tʃ.œː.xʲ
ɔː	ɔː	U	14	a.ŋ.i.s.ɔː.q;n.i.ŋː.u.s.ɔː.q;k.ɔː.s.ɔ;ts.ɔː.ɡ.ɔ.j;s.i.v.i.s.ɔː.q
ɔ̃	ɔ̃	U	2	i.p.ɔ̃;a.h.ɔ̃
w	w	W	525	w.a.t.a.s.i;w.u.n.ə;u.w.a.ŋ.a;k.o.w.e;n.u.w.w.u
ʋ	ʋ	W	21	dʲ.ɨ.ʋ.a;ʋ.a̰.i;ʋ.ḭ.i;ʋ.u.k.u;ʋ.a.b.e
w̥	w̥	W	1	t.o.w̥.u
u	u	Y	1418	u.ə;a.k.u;n.eː.n.u;ɲ.u.q.a;n.u.ɡ.a
y	y	Y	18	c.y.l̴;ɟ.œ.y.s;f.y.l;y.a.n;y
ũ	ũ	Y	67	tlʼ.ũ.ũ;tlʼ.ũ.ũ;ŋ.u.b.r.ũ;x.ũ;k.h.ũ.tsʲ
ʉ	ʉ	Y	25	b.ʉ;h.ʉ.w.a.a;o.a.i.b.ʉ.a;l.ʉ.a.t;k.ʉ.w.ʉ.r.ʉ
ʊ	ʊ	Y	34	n.ʊ.r.ʊː;f.ʊ.ʐ.ɪ;ʃ.ʊ.p.ʊː;m.ʊ.k.ɘ.r;k.ʊ.r.ɘ
ṵ	ṵ	Y	10	k.ṵ.ʃ.m.uː;t.ṵ.w.a̰ː.n;t.a.m.p.ṵ.s;ʃ.a.p.u.ʃ.k.ṵ;ɾ.ɨ.k.ṵ.ʔ
ua	ua	Y	3	ɲ.ua;l̥.ua;l.ua
ue	ue	Y	1	k.ue
uɑ	uɑ	Y	9	ʂ.uɑ.ts.i;tɬ.uɑ;t.uɑ;ʈʂʰ.uɑ;t.uɑ
uə	uə	Y	5	z.uə.j;m.uə.j;ɗ.uə.j;uə.ŋ;ɓ.uə.k
uˀ	uˀ	Y	5	hʲ.uˀ.h;uˀ.s.e;uˀ.n.e;uˀ;uˀ.h
uː	uː	Y	38	x.e.j.uː;b.uː.ɽ.i.d.a;uː.n.t;s.p.uː.n;k.r.a.d.uː.k
yi	yi	Y	1	k.yi
yː	yː	Y	2	t.yː.z;t.ɛ.t.yː
ũˀ	ũˀ	Y	1	ũˀ.n.a
ʉː	ʉː	Y	5	tʃʰ.ʉː;s.a.d.ʉː;d.ʉː.n;d.ʉː.m;j.ʉː.m
ʉ̃	ʉ̃	Y	2	m.ʉ̃;ʉ̃.rʼ.ĩ
ʊː	ʊː	Y	9	n.ʊ.r.ʊː;ʃ.ʊ.p.ʊː;k.a.ʃ.ʊː.n;k.a.tʰ.ʊː;tʃʰ.ʊ.l.ʊː
ʏɪ	ʏɪ	Y	1	ʏɪ.l
ṵː	ṵː	Y	2	ʃ.ṵː.n;ṵː.n
ṵ̃	ṵ̃	Y	1	k.ṵ̃.d.i
aʰ	aʰ/a /h	A H	3	j.aʰ;aʰ;j.aʰ.p.e
a.̃ĩ	ã ĩ	A I	1	a.̃ĩ
eʰ	eʰ/e /h	E H	1	mb.eʰ
iʰ	iʰ/i /h	I H	2	sʲ.iʰ.k.a;k.iʰ
uʰ	uʰ/u /h	Y H	3	nd.uʰ;j.uʰ;uʰ.